d,method,M,k,z,original_R,compact_R,saved_percent,compact_count_bits_per_cell,paired_original_decode_us_per_diff,paired_compact_decode_us_per_diff
100,external_iblt,144,4,0,4.176,3.575466666666667,14.380587484035756,12.46111111111111,1.0657533333334375,0.7002446666669234
100,iblt_sc,172,4,1,4.989333333333334,4.656,6.680919294494936,19.186046511627907,1.3473760000000112,0.9354333333326063
300,external_iblt,412,4,0,3.983111111111111,3.359111111111111,15.666145949564836,11.368932038834952,1.139394666666781,0.8008566666665039
300,iblt_sc,462,4,4,4.466666666666667,3.9562666666666666,11.426865671641796,15.057142857142857,1.3160171111113388,0.9263937777777502
1000,external_iblt,1336,4,0,3.8744,3.2230933333333334,16.810516897240003,10.370359281437125,0.9930898000000354,0.6949544000000252
1000,iblt_sc,1430,5,6,4.1472,3.545706666666667,14.503600823045259,12.381818181818183,1.2321264666666387,0.9023565999998576
3000,external_iblt,3960,4,0,3.828,3.1604266666666665,17.439219784047367,9.826363636363636,1.0088889333333049,0.7140086222222644
3000,iblt_sc,3930,4,8,3.7990222222222223,3.168782222222222,16.58953180935445,10.567022900763359,1.1595890888889275,0.8749650444444472
10000,external_iblt,13128,4,0,3.80712,3.111018666666667,18.284197328514285,9.092291285801341,1.0891625466666621,0.7871101000000014
10000,iblt_sc,12300,4,12,3.567013333333333,2.9268426666666665,17.946965902379585,9.386243902439025,1.3177490066666724,1.0408936866666558
30000,external_iblt,39152,4,0,3.7846933333333332,3.057824,19.205501458506546,8.291111565181856,1.226437877777776,0.9107963533333359
30000,iblt_sc,35100,4,16,3.3930044444444443,2.740752,19.223447983170594,8.275635327635328,1.655674615555552,1.3973817444444423
100000,external_iblt,130500,4,0,3.7845013333333335,3.0144298666666667,20.34803000025367,7.297207662835249,1.364697514666667,1.0618933786666682
100000,iblt_sc,112000,5,24,3.248,2.5899781333333336,20.259293924466338,7.374360714285714,2.911973330000001,2.620437323333335
300000,external_iblt,389252,4,0,3.7627697777777778,2.9557216,21.44824757932454,6.3400306228355925,1.8971310237777774,1.596107962666667
300000,iblt_sc,327000,5,34,3.161,2.499809422222222,20.917133115399487,6.802075840978594,4.482019851999999,4.269060713111112
1000000,external_iblt,1297500,4,0,3.7627501333333333,2.91859952,22.43440524671565,5.482065818882466,2.2832932521999996,2.0158516965333337
1000000,iblt_sc,1060000,5,51,3.074,2.4071722666666666,21.69250921708956,6.12751320754717,12.844594193066667,12.516008354599998
