d,M,rho,requested_rho_units,m_grid_phase,global_classification,is_zero_prefix_endpoint,is_one_suffix_endpoint,rho_zero_units,rho_one_units
100,8,0.08,80000,initial,global_zero,False,False,,
100,9,0.09,90000,initial,global_zero,False,False,,
100,10,0.1,100000,initial,global_zero,False,False,,
100,11,0.11,110000,initial,global_zero,False,False,,
100,12,0.12,120000,initial,global_zero,False,False,,
100,13,0.13,130000,initial,global_zero,False,False,,
100,14,0.14,140000,initial,global_zero,False,False,,
100,15,0.15,150000,initial,global_zero,False,False,,
100,16,0.16,160000,initial,global_zero,False,False,,
100,17,0.17,170000,initial,global_zero,False,False,,
100,18,0.18,180000,initial,global_zero,False,False,,
100,19,0.19,190000,initial,transition,False,False,,
100,20,0.2,200000,initial,transition,False,False,,
100,21,0.21,210000,initial,transition,False,False,,
100,22,0.22,220000,initial,transition,False,False,,
100,23,0.23,230000,initial,transition,False,False,,
100,24,0.24,240000,initial,transition,False,False,,
100,25,0.25,250000,initial,transition,False,False,,
100,26,0.26,260000,initial,transition,False,False,,
100,27,0.27,270000,initial,transition,False,False,,
100,28,0.28,280000,initial,transition,False,False,,
100,29,0.29,290000,initial,transition,False,False,,
100,30,0.3,300000,initial,transition,False,False,,
100,31,0.31,310000,initial,transition,False,False,,
100,32,0.32,320000,initial,transition,False,False,,
100,33,0.33,330000,initial,transition,False,False,,
100,34,0.34,340000,initial,transition,False,False,,
100,35,0.35,350000,initial,transition,False,False,,
100,36,0.36,360000,initial,transition,False,False,,
100,37,0.37,370000,initial,transition,False,False,,
100,38,0.38,380000,initial,transition,False,False,,
100,39,0.39,390000,initial,transition,False,False,,
100,40,0.4,400000,initial,transition,False,False,,
100,41,0.41,410000,initial,transition,False,False,,
100,42,0.42,420000,initial,transition,False,False,,
100,43,0.43,430000,initial,transition,False,False,,
100,44,0.44,440000,initial,transition,False,False,,
100,45,0.45,450000,initial,transition,False,False,,
100,46,0.46,460000,upper_expansion,transition,False,False,,
100,47,0.47,470000,upper_expansion,transition,False,False,,
100,48,0.48,480000,upper_expansion,transition,False,False,,
100,49,0.49,490000,upper_expansion,transition,False,False,,
100,50,0.5,500000,upper_expansion,transition,False,False,,
100,51,0.51,510000,upper_expansion,transition,False,False,,
100,52,0.52,520000,upper_expansion,transition,False,False,,
100,53,0.53,530000,upper_expansion,transition,False,False,,
100,54,0.54,540000,upper_expansion,transition,False,False,,
100,55,0.55,550000,upper_expansion,transition,False,False,,
100,56,0.56,560000,upper_expansion,transition,False,False,,
100,57,0.57,570000,upper_expansion,transition,False,False,,
100,58,0.58,580000,upper_expansion,transition,False,False,,
100,59,0.59,590000,upper_expansion,transition,False,False,,
100,60,0.6,600000,upper_expansion,transition,False,False,,
100,61,0.61,610000,upper_expansion,transition,False,False,,
100,62,0.62,620000,upper_expansion,transition,False,False,,
100,63,0.63,630000,upper_expansion,transition,False,False,,
100,64,0.64,640000,upper_expansion,transition,False,False,,
100,65,0.65,650000,upper_expansion,transition,False,False,,
100,66,0.66,660000,upper_expansion,transition,False,False,,
100,67,0.67,670000,upper_expansion,transition,False,False,,
100,68,0.68,680000,upper_expansion,transition,False,False,,
100,69,0.69,690000,upper_expansion,transition,False,False,,
100,70,0.7,700000,upper_expansion,transition,False,False,,
100,71,0.71,710000,upper_expansion,transition,False,False,,
100,72,0.72,720000,upper_expansion,transition,False,False,,
100,73,0.73,730000,upper_expansion,transition,False,False,,
100,74,0.74,740000,upper_expansion,transition,False,False,,
100,75,0.75,750000,upper_expansion,transition,False,False,,
100,76,0.76,760000,upper_expansion,transition,False,False,,
100,77,0.77,770000,upper_expansion,transition,False,False,,
100,78,0.78,780000,upper_expansion,transition,False,False,,
100,79,0.79,790000,upper_expansion,transition,False,False,,
100,80,0.8,800000,upper_expansion,transition,False,False,,
100,81,0.81,810000,upper_expansion,transition,False,False,,
100,82,0.82,820000,upper_expansion,transition,False,False,,
100,83,0.83,830000,upper_expansion,transition,False,False,,
100,84,0.84,840000,upper_expansion,transition,False,False,,
100,85,0.85,850000,upper_expansion,transition,False,False,,
100,86,0.86,860000,upper_expansion,transition,False,False,,
100,87,0.87,870000,upper_expansion,transition,False,False,,
100,88,0.88,880000,upper_expansion,transition,False,False,,
100,89,0.89,890000,upper_expansion,transition,False,False,,
100,90,0.9,900000,upper_expansion,transition,False,False,,
100,91,0.91,910000,upper_expansion,transition,False,False,,
100,92,0.92,920000,upper_expansion,transition,False,False,,
100,93,0.93,930000,upper_expansion,transition,False,False,,
100,94,0.94,940000,upper_expansion,transition,False,False,,
100,95,0.95,950000,upper_expansion,transition,False,False,,
100,96,0.96,960000,upper_expansion,transition,False,False,,
100,97,0.97,970000,upper_expansion,transition,False,False,,
100,98,0.98,980000,upper_expansion,transition,False,False,,
100,99,0.99,990000,upper_expansion,transition,False,False,,
100,100,1.0,1000000,upper_expansion,transition,False,False,,
100,101,1.01,1010000,upper_expansion,transition,False,False,,
100,102,1.02,1020000,upper_expansion,transition,False,False,,
100,103,1.03,1030000,upper_expansion,transition,False,False,,
100,104,1.04,1040000,upper_expansion,transition,False,False,,
100,105,1.05,1050000,upper_expansion,transition,False,False,,
100,106,1.06,1060000,upper_expansion,transition,False,False,,
100,107,1.07,1070000,upper_expansion,transition,False,False,,
100,108,1.08,1080000,upper_expansion,transition,False,False,,
100,109,1.09,1090000,upper_expansion,transition,False,False,,
100,110,1.1,1100000,upper_expansion,transition,False,False,,
100,111,1.11,1110000,upper_expansion,transition,False,False,,
100,112,1.12,1120000,upper_expansion,transition,False,False,,
100,113,1.13,1130000,upper_expansion,transition,False,False,,
100,114,1.14,1140000,upper_expansion,transition,False,False,,
100,115,1.15,1150000,upper_expansion,transition,False,False,,
100,116,1.16,1160000,upper_expansion,transition,False,False,,
100,117,1.17,1170000,upper_expansion,transition,False,False,,
100,118,1.18,1180000,upper_expansion,transition,False,False,,
100,119,1.19,1190000,upper_expansion,transition,False,False,,
100,120,1.2,1200000,upper_expansion,transition,False,False,,
100,121,1.21,1210000,upper_expansion,transition,False,False,,
100,122,1.22,1220000,upper_expansion,transition,False,False,,
100,123,1.23,1230000,upper_expansion,transition,False,False,,
100,124,1.24,1240000,upper_expansion,transition,False,False,,
100,125,1.25,1250000,upper_expansion,transition,False,False,,
100,126,1.26,1260000,upper_expansion,transition,False,False,,
100,127,1.27,1270000,upper_expansion,transition,False,False,,
100,128,1.28,1280000,upper_expansion,transition,False,False,,
100,129,1.29,1290000,upper_expansion,transition,False,False,,
100,130,1.3,1300000,upper_expansion,transition,False,False,,
100,131,1.31,1310000,upper_expansion,transition,False,False,,
100,132,1.32,1320000,upper_expansion,transition,False,False,,
100,133,1.33,1330000,upper_expansion,transition,False,False,,
100,134,1.34,1340000,upper_expansion,transition,False,False,,
100,135,1.35,1350000,upper_expansion,transition,False,False,,
100,136,1.36,1360000,upper_expansion,transition,False,False,,
100,137,1.37,1370000,upper_expansion,transition,False,False,,
100,138,1.38,1380000,upper_expansion,transition,False,False,,
100,139,1.39,1390000,upper_expansion,transition,False,False,,
100,140,1.4,1400000,upper_expansion,transition,False,False,,
100,141,1.41,1410000,upper_expansion,transition,False,False,,
100,142,1.42,1420000,upper_expansion,transition,False,False,,
100,143,1.43,1430000,upper_expansion,transition,False,False,,
100,144,1.44,1440000,upper_expansion,transition,False,False,,
100,145,1.45,1450000,upper_expansion,transition,False,False,,
200,16,0.08,80000,initial,global_zero,False,False,180000,740000
200,18,0.09,90000,initial,global_zero,False,False,180000,740000
200,20,0.1,100000,initial,global_zero,False,False,180000,740000
200,22,0.11,110000,initial,global_zero,False,False,180000,740000
200,24,0.12,120000,initial,global_zero,False,False,180000,740000
200,26,0.13,130000,initial,global_zero,False,False,180000,740000
200,28,0.14,140000,initial,global_zero,False,False,180000,740000
200,30,0.15,150000,initial,global_zero,False,False,180000,740000
200,32,0.16,160000,initial,global_zero,False,False,180000,740000
200,34,0.17,170000,initial,global_zero,False,False,180000,740000
200,36,0.18,180000,initial,global_zero,True,False,180000,740000
200,38,0.19,190000,initial,transition,False,False,180000,740000
200,40,0.2,200000,initial,transition,False,False,180000,740000
200,42,0.21,210000,initial,transition,False,False,180000,740000
200,44,0.22,220000,initial,transition,False,False,180000,740000
200,46,0.23,230000,initial,transition,False,False,180000,740000
200,48,0.24,240000,initial,transition,False,False,180000,740000
200,50,0.25,250000,initial,transition,False,False,180000,740000
200,52,0.26,260000,initial,transition,False,False,180000,740000
200,54,0.27,270000,initial,transition,False,False,180000,740000
200,56,0.28,280000,initial,transition,False,False,180000,740000
200,58,0.29,290000,initial,transition,False,False,180000,740000
200,60,0.3,300000,initial,transition,False,False,180000,740000
200,62,0.31,310000,initial,transition,False,False,180000,740000
200,64,0.32,320000,initial,transition,False,False,180000,740000
200,66,0.33,330000,initial,transition,False,False,180000,740000
200,68,0.34,340000,initial,transition,False,False,180000,740000
200,70,0.35,350000,initial,transition,False,False,180000,740000
200,72,0.36,360000,initial,transition,False,False,180000,740000
200,74,0.37,370000,initial,transition,False,False,180000,740000
200,76,0.38,380000,initial,transition,False,False,180000,740000
200,78,0.39,390000,initial,transition,False,False,180000,740000
200,80,0.4,400000,initial,transition,False,False,180000,740000
200,82,0.41,410000,initial,transition,False,False,180000,740000
200,84,0.42,420000,initial,transition,False,False,180000,740000
200,86,0.43,430000,initial,transition,False,False,180000,740000
200,88,0.44,440000,initial,transition,False,False,180000,740000
200,90,0.45,450000,initial,transition,False,False,180000,740000
200,92,0.46,460000,upper_expansion,transition,False,False,180000,740000
200,94,0.47,470000,upper_expansion,transition,False,False,180000,740000
200,96,0.48,480000,upper_expansion,transition,False,False,180000,740000
200,98,0.49,490000,upper_expansion,transition,False,False,180000,740000
200,100,0.5,500000,upper_expansion,transition,False,False,180000,740000
200,102,0.51,510000,upper_expansion,transition,False,False,180000,740000
200,104,0.52,520000,upper_expansion,transition,False,False,180000,740000
200,106,0.53,530000,upper_expansion,transition,False,False,180000,740000
200,108,0.54,540000,upper_expansion,transition,False,False,180000,740000
200,110,0.55,550000,upper_expansion,transition,False,False,180000,740000
200,112,0.56,560000,upper_expansion,transition,False,False,180000,740000
200,114,0.57,570000,upper_expansion,transition,False,False,180000,740000
200,116,0.58,580000,upper_expansion,transition,False,False,180000,740000
200,118,0.59,590000,upper_expansion,transition,False,False,180000,740000
200,120,0.6,600000,upper_expansion,transition,False,False,180000,740000
200,122,0.61,610000,upper_expansion,transition,False,False,180000,740000
200,124,0.62,620000,upper_expansion,transition,False,False,180000,740000
200,126,0.63,630000,upper_expansion,transition,False,False,180000,740000
200,128,0.64,640000,upper_expansion,transition,False,False,180000,740000
200,130,0.65,650000,upper_expansion,transition,False,False,180000,740000
200,132,0.66,660000,upper_expansion,transition,False,False,180000,740000
200,134,0.67,670000,upper_expansion,transition,False,False,180000,740000
200,136,0.68,680000,upper_expansion,transition,False,False,180000,740000
200,138,0.69,690000,upper_expansion,transition,False,False,180000,740000
200,140,0.7,700000,upper_expansion,transition,False,False,180000,740000
200,142,0.71,710000,upper_expansion,transition,False,False,180000,740000
200,144,0.72,720000,upper_expansion,transition,False,False,180000,740000
200,146,0.73,730000,upper_expansion,transition,False,False,180000,740000
200,148,0.74,740000,upper_expansion,global_one,False,True,180000,740000
200,150,0.75,750000,upper_expansion,global_one,False,False,180000,740000
400,32,0.08,80000,initial,global_zero,False,False,190000,370000
400,36,0.09,90000,initial,global_zero,False,False,190000,370000
400,40,0.1,100000,initial,global_zero,False,False,190000,370000
400,44,0.11,110000,initial,global_zero,False,False,190000,370000
400,48,0.12,120000,initial,global_zero,False,False,190000,370000
400,52,0.13,130000,initial,global_zero,False,False,190000,370000
400,56,0.14,140000,initial,global_zero,False,False,190000,370000
400,60,0.15,150000,initial,global_zero,False,False,190000,370000
400,64,0.16,160000,initial,global_zero,False,False,190000,370000
400,68,0.17,170000,initial,global_zero,False,False,190000,370000
400,72,0.18,180000,initial,global_zero,False,False,190000,370000
400,76,0.19,190000,initial,global_zero,True,False,190000,370000
400,80,0.2,200000,initial,transition,False,False,190000,370000
400,84,0.21,210000,initial,transition,False,False,190000,370000
400,88,0.22,220000,initial,transition,False,False,190000,370000
400,92,0.23,230000,initial,transition,False,False,190000,370000
400,96,0.24,240000,initial,transition,False,False,190000,370000
400,100,0.25,250000,initial,transition,False,False,190000,370000
400,104,0.26,260000,initial,transition,False,False,190000,370000
400,108,0.27,270000,initial,transition,False,False,190000,370000
400,112,0.28,280000,initial,transition,False,False,190000,370000
400,116,0.29,290000,initial,transition,False,False,190000,370000
400,120,0.3,300000,initial,transition,False,False,190000,370000
400,124,0.31,310000,initial,transition,False,False,190000,370000
400,128,0.32,320000,initial,transition,False,False,190000,370000
400,132,0.33,330000,initial,transition,False,False,190000,370000
400,136,0.34,340000,initial,transition,False,False,190000,370000
400,140,0.35,350000,initial,transition,False,False,190000,370000
400,144,0.36,360000,initial,transition,False,False,190000,370000
400,148,0.37,370000,initial,global_one,False,True,190000,370000
400,152,0.38,380000,initial,global_one,False,False,190000,370000
400,156,0.39,390000,initial,global_one,False,False,190000,370000
400,160,0.4,400000,initial,global_one,False,False,190000,370000
400,164,0.41,410000,initial,global_one,False,False,190000,370000
400,168,0.42,420000,initial,global_one,False,False,190000,370000
400,172,0.43,430000,initial,global_one,False,False,190000,370000
400,176,0.44,440000,initial,global_one,False,False,190000,370000
400,180,0.45,450000,initial,global_one,False,False,190000,370000
600,48,0.08,80000,initial,global_zero,False,False,180000,280000
600,54,0.09,90000,initial,global_zero,False,False,180000,280000
600,60,0.1,100000,initial,global_zero,False,False,180000,280000
600,66,0.11,110000,initial,global_zero,False,False,180000,280000
600,72,0.12,120000,initial,global_zero,False,False,180000,280000
600,78,0.13,130000,initial,global_zero,False,False,180000,280000
600,84,0.14,140000,initial,global_zero,False,False,180000,280000
600,90,0.15,150000,initial,global_zero,False,False,180000,280000
600,96,0.16,160000,initial,global_zero,False,False,180000,280000
600,102,0.17,170000,initial,global_zero,False,False,180000,280000
600,108,0.18,180000,initial,global_zero,True,False,180000,280000
600,114,0.19,190000,initial,transition,False,False,180000,280000
600,120,0.2,200000,initial,transition,False,False,180000,280000
600,126,0.21,210000,initial,transition,False,False,180000,280000
600,132,0.22,220000,initial,transition,False,False,180000,280000
600,138,0.23,230000,initial,transition,False,False,180000,280000
600,144,0.24,240000,initial,transition,False,False,180000,280000
600,150,0.25,250000,initial,transition,False,False,180000,280000
600,156,0.26,260000,initial,transition,False,False,180000,280000
600,162,0.27,270000,initial,transition,False,False,180000,280000
600,168,0.28,280000,initial,global_one,False,True,180000,280000
600,174,0.29,290000,initial,global_one,False,False,180000,280000
600,180,0.3,300000,initial,global_one,False,False,180000,280000
600,186,0.31,310000,initial,global_one,False,False,180000,280000
600,192,0.32,320000,initial,global_one,False,False,180000,280000
600,198,0.33,330000,initial,global_one,False,False,180000,280000
600,204,0.34,340000,initial,global_one,False,False,180000,280000
600,210,0.35,350000,initial,global_one,False,False,180000,280000
600,216,0.36,360000,initial,global_one,False,False,180000,280000
600,222,0.37,370000,initial,global_one,False,False,180000,280000
600,228,0.38,380000,initial,global_one,False,False,180000,280000
600,234,0.39,390000,initial,global_one,False,False,180000,280000
600,240,0.4,400000,initial,global_one,False,False,180000,280000
600,246,0.41,410000,initial,global_one,False,False,180000,280000
600,252,0.42,420000,initial,global_one,False,False,180000,280000
600,258,0.43,430000,initial,global_one,False,False,180000,280000
600,264,0.44,440000,initial,global_one,False,False,180000,280000
600,270,0.45,450000,initial,global_one,False,False,180000,280000
800,64,0.08,80000,initial,global_zero,False,False,190000,280000
800,72,0.09,90000,initial,global_zero,False,False,190000,280000
800,80,0.1,100000,initial,global_zero,False,False,190000,280000
800,88,0.11,110000,initial,global_zero,False,False,190000,280000
800,96,0.12,120000,initial,global_zero,False,False,190000,280000
800,104,0.13,130000,initial,global_zero,False,False,190000,280000
800,112,0.14,140000,initial,global_zero,False,False,190000,280000
800,120,0.15,150000,initial,global_zero,False,False,190000,280000
800,128,0.16,160000,initial,global_zero,False,False,190000,280000
800,136,0.17,170000,initial,global_zero,False,False,190000,280000
800,144,0.18,180000,initial,global_zero,False,False,190000,280000
800,152,0.19,190000,initial,global_zero,True,False,190000,280000
800,160,0.2,200000,initial,transition,False,False,190000,280000
800,168,0.21,210000,initial,transition,False,False,190000,280000
800,176,0.22,220000,initial,transition,False,False,190000,280000
800,184,0.23,230000,initial,transition,False,False,190000,280000
800,192,0.24,240000,initial,transition,False,False,190000,280000
800,200,0.25,250000,initial,transition,False,False,190000,280000
800,208,0.26,260000,initial,transition,False,False,190000,280000
800,216,0.27,270000,initial,transition,False,False,190000,280000
800,224,0.28,280000,initial,global_one,False,True,190000,280000
800,232,0.29,290000,initial,global_one,False,False,190000,280000
800,240,0.3,300000,initial,global_one,False,False,190000,280000
800,248,0.31,310000,initial,global_one,False,False,190000,280000
800,256,0.32,320000,initial,global_one,False,False,190000,280000
800,264,0.33,330000,initial,global_one,False,False,190000,280000
800,272,0.34,340000,initial,global_one,False,False,190000,280000
800,280,0.35,350000,initial,global_one,False,False,190000,280000
800,288,0.36,360000,initial,global_one,False,False,190000,280000
800,296,0.37,370000,initial,global_one,False,False,190000,280000
800,304,0.38,380000,initial,global_one,False,False,190000,280000
800,312,0.39,390000,initial,global_one,False,False,190000,280000
800,320,0.4,400000,initial,global_one,False,False,190000,280000
800,328,0.41,410000,initial,global_one,False,False,190000,280000
800,336,0.42,420000,initial,global_one,False,False,190000,280000
800,344,0.43,430000,initial,global_one,False,False,190000,280000
800,352,0.44,440000,initial,global_one,False,False,190000,280000
800,360,0.45,450000,initial,global_one,False,False,190000,280000
1000,80,0.08,80000,initial,global_zero,False,False,190000,260000
1000,90,0.09,90000,initial,global_zero,False,False,190000,260000
1000,100,0.1,100000,initial,global_zero,False,False,190000,260000
1000,110,0.11,110000,initial,global_zero,False,False,190000,260000
1000,120,0.12,120000,initial,global_zero,False,False,190000,260000
1000,130,0.13,130000,initial,global_zero,False,False,190000,260000
1000,140,0.14,140000,initial,global_zero,False,False,190000,260000
1000,150,0.15,150000,initial,global_zero,False,False,190000,260000
1000,160,0.16,160000,initial,global_zero,False,False,190000,260000
1000,170,0.17,170000,initial,global_zero,False,False,190000,260000
1000,180,0.18,180000,initial,global_zero,False,False,190000,260000
1000,190,0.19,190000,initial,global_zero,True,False,190000,260000
1000,200,0.2,200000,initial,transition,False,False,190000,260000
1000,210,0.21,210000,initial,transition,False,False,190000,260000
1000,220,0.22,220000,initial,transition,False,False,190000,260000
1000,230,0.23,230000,initial,transition,False,False,190000,260000
1000,240,0.24,240000,initial,transition,False,False,190000,260000
1000,250,0.25,250000,initial,transition,False,False,190000,260000
1000,260,0.26,260000,initial,global_one,False,True,190000,260000
1000,270,0.27,270000,initial,global_one,False,False,190000,260000
1000,280,0.28,280000,initial,global_one,False,False,190000,260000
1000,290,0.29,290000,initial,global_one,False,False,190000,260000
1000,300,0.3,300000,initial,global_one,False,False,190000,260000
1000,310,0.31,310000,initial,global_one,False,False,190000,260000
1000,320,0.32,320000,initial,global_one,False,False,190000,260000
1000,330,0.33,330000,initial,global_one,False,False,190000,260000
1000,340,0.34,340000,initial,global_one,False,False,190000,260000
1000,350,0.35,350000,initial,global_one,False,False,190000,260000
1000,360,0.36,360000,initial,global_one,False,False,190000,260000
1000,370,0.37,370000,initial,global_one,False,False,190000,260000
1000,380,0.38,380000,initial,global_one,False,False,190000,260000
1000,390,0.39,390000,initial,global_one,False,False,190000,260000
1000,400,0.4,400000,initial,global_one,False,False,190000,260000
1000,410,0.41,410000,initial,global_one,False,False,190000,260000
1000,420,0.42,420000,initial,global_one,False,False,190000,260000
1000,430,0.43,430000,initial,global_one,False,False,190000,260000
1000,440,0.44,440000,initial,global_one,False,False,190000,260000
1000,450,0.45,450000,initial,global_one,False,False,190000,260000
1500,120,0.08,80000,initial,global_zero,False,False,190000,260000
1500,135,0.09,90000,initial,global_zero,False,False,190000,260000
1500,150,0.1,100000,initial,global_zero,False,False,190000,260000
1500,165,0.11,110000,initial,global_zero,False,False,190000,260000
1500,180,0.12,120000,initial,global_zero,False,False,190000,260000
1500,195,0.13,130000,initial,global_zero,False,False,190000,260000
1500,210,0.14,140000,initial,global_zero,False,False,190000,260000
1500,225,0.15,150000,initial,global_zero,False,False,190000,260000
1500,240,0.16,160000,initial,global_zero,False,False,190000,260000
1500,255,0.17,170000,initial,global_zero,False,False,190000,260000
1500,270,0.18,180000,initial,global_zero,False,False,190000,260000
1500,285,0.19,190000,initial,global_zero,True,False,190000,260000
1500,300,0.2,200000,initial,transition,False,False,190000,260000
1500,315,0.21,210000,initial,transition,False,False,190000,260000
1500,330,0.22,220000,initial,transition,False,False,190000,260000
1500,345,0.23,230000,initial,transition,False,False,190000,260000
1500,360,0.24,240000,initial,transition,False,False,190000,260000
1500,375,0.25,250000,initial,transition,False,False,190000,260000
1500,390,0.26,260000,initial,global_one,False,True,190000,260000
1500,405,0.27,270000,initial,global_one,False,False,190000,260000
1500,420,0.28,280000,initial,global_one,False,False,190000,260000
1500,435,0.29,290000,initial,global_one,False,False,190000,260000
1500,450,0.3,300000,initial,global_one,False,False,190000,260000
1500,465,0.31,310000,initial,global_one,False,False,190000,260000
1500,480,0.32,320000,initial,global_one,False,False,190000,260000
1500,495,0.33,330000,initial,global_one,False,False,190000,260000
1500,510,0.34,340000,initial,global_one,False,False,190000,260000
1500,525,0.35,350000,initial,global_one,False,False,190000,260000
1500,540,0.36,360000,initial,global_one,False,False,190000,260000
1500,555,0.37,370000,initial,global_one,False,False,190000,260000
1500,570,0.38,380000,initial,global_one,False,False,190000,260000
1500,585,0.39,390000,initial,global_one,False,False,190000,260000
1500,600,0.4,400000,initial,global_one,False,False,190000,260000
1500,615,0.41,410000,initial,global_one,False,False,190000,260000
1500,630,0.42,420000,initial,global_one,False,False,190000,260000
1500,645,0.43,430000,initial,global_one,False,False,190000,260000
1500,660,0.44,440000,initial,global_one,False,False,190000,260000
1500,675,0.45,450000,initial,global_one,False,False,190000,260000
2000,160,0.08,80000,initial,global_zero,False,False,190000,260000
2000,180,0.09,90000,initial,global_zero,False,False,190000,260000
2000,200,0.1,100000,initial,global_zero,False,False,190000,260000
2000,220,0.11,110000,initial,global_zero,False,False,190000,260000
2000,240,0.12,120000,initial,global_zero,False,False,190000,260000
2000,260,0.13,130000,initial,global_zero,False,False,190000,260000
2000,280,0.14,140000,initial,global_zero,False,False,190000,260000
2000,300,0.15,150000,initial,global_zero,False,False,190000,260000
2000,320,0.16,160000,initial,global_zero,False,False,190000,260000
2000,340,0.17,170000,initial,global_zero,False,False,190000,260000
2000,360,0.18,180000,initial,global_zero,False,False,190000,260000
2000,380,0.19,190000,initial,global_zero,True,False,190000,260000
2000,400,0.2,200000,initial,transition,False,False,190000,260000
2000,420,0.21,210000,initial,transition,False,False,190000,260000
2000,440,0.22,220000,initial,transition,False,False,190000,260000
2000,460,0.23,230000,initial,transition,False,False,190000,260000
2000,480,0.24,240000,initial,transition,False,False,190000,260000
2000,500,0.25,250000,initial,transition,False,False,190000,260000
2000,520,0.26,260000,initial,global_one,False,True,190000,260000
2000,540,0.27,270000,initial,global_one,False,False,190000,260000
2000,560,0.28,280000,initial,global_one,False,False,190000,260000
2000,580,0.29,290000,initial,global_one,False,False,190000,260000
2000,600,0.3,300000,initial,global_one,False,False,190000,260000
2000,620,0.31,310000,initial,global_one,False,False,190000,260000
2000,640,0.32,320000,initial,global_one,False,False,190000,260000
2000,660,0.33,330000,initial,global_one,False,False,190000,260000
2000,680,0.34,340000,initial,global_one,False,False,190000,260000
2000,700,0.35,350000,initial,global_one,False,False,190000,260000
2000,720,0.36,360000,initial,global_one,False,False,190000,260000
2000,740,0.37,370000,initial,global_one,False,False,190000,260000
2000,760,0.38,380000,initial,global_one,False,False,190000,260000
2000,780,0.39,390000,initial,global_one,False,False,190000,260000
2000,800,0.4,400000,initial,global_one,False,False,190000,260000
2000,820,0.41,410000,initial,global_one,False,False,190000,260000
2000,840,0.42,420000,initial,global_one,False,False,190000,260000
2000,860,0.43,430000,initial,global_one,False,False,190000,260000
2000,880,0.44,440000,initial,global_one,False,False,190000,260000
2000,900,0.45,450000,initial,global_one,False,False,190000,260000
2500,200,0.08,80000,initial,global_zero,False,False,190000,260000
2500,225,0.09,90000,initial,global_zero,False,False,190000,260000
2500,250,0.1,100000,initial,global_zero,False,False,190000,260000
2500,275,0.11,110000,initial,global_zero,False,False,190000,260000
2500,300,0.12,120000,initial,global_zero,False,False,190000,260000
2500,325,0.13,130000,initial,global_zero,False,False,190000,260000
2500,350,0.14,140000,initial,global_zero,False,False,190000,260000
2500,375,0.15,150000,initial,global_zero,False,False,190000,260000
2500,400,0.16,160000,initial,global_zero,False,False,190000,260000
2500,425,0.17,170000,initial,global_zero,False,False,190000,260000
2500,450,0.18,180000,initial,global_zero,False,False,190000,260000
2500,475,0.19,190000,initial,global_zero,True,False,190000,260000
2500,500,0.2,200000,initial,transition,False,False,190000,260000
2500,525,0.21,210000,initial,transition,False,False,190000,260000
2500,550,0.22,220000,initial,transition,False,False,190000,260000
2500,575,0.23,230000,initial,transition,False,False,190000,260000
2500,600,0.24,240000,initial,transition,False,False,190000,260000
2500,625,0.25,250000,initial,transition,False,False,190000,260000
2500,650,0.26,260000,initial,global_one,False,True,190000,260000
2500,675,0.27,270000,initial,global_one,False,False,190000,260000
2500,700,0.28,280000,initial,global_one,False,False,190000,260000
2500,725,0.29,290000,initial,global_one,False,False,190000,260000
2500,750,0.3,300000,initial,global_one,False,False,190000,260000
2500,775,0.31,310000,initial,global_one,False,False,190000,260000
2500,800,0.32,320000,initial,global_one,False,False,190000,260000
2500,825,0.33,330000,initial,global_one,False,False,190000,260000
2500,850,0.34,340000,initial,global_one,False,False,190000,260000
2500,875,0.35,350000,initial,global_one,False,False,190000,260000
2500,900,0.36,360000,initial,global_one,False,False,190000,260000
2500,925,0.37,370000,initial,global_one,False,False,190000,260000
2500,950,0.38,380000,initial,global_one,False,False,190000,260000
2500,975,0.39,390000,initial,global_one,False,False,190000,260000
2500,1000,0.4,400000,initial,global_one,False,False,190000,260000
2500,1025,0.41,410000,initial,global_one,False,False,190000,260000
2500,1050,0.42,420000,initial,global_one,False,False,190000,260000
2500,1075,0.43,430000,initial,global_one,False,False,190000,260000
2500,1100,0.44,440000,initial,global_one,False,False,190000,260000
2500,1125,0.45,450000,initial,global_one,False,False,190000,260000
