run_id,stage,domain,d,M,k,ell,candidate_id,C,gamma,a,z_raw,z,CircularBaseRange,trials,successes,success_rate,ci_low,ci_high,rho,m_grid_phase,global_classification,is_informative,dataset_seed,placement_words_sha256,config_sha256,threshold_sha256,is_frozen_prediction,status,confirmation_passed
figure1bc-calibration-20260716T084150Z-99bbe7a-dc67639cf528,confirmation,calibration_confirmation,100,24,2,6,C0625-G0285,0.625,0.285,0.5174048690586085,0.5057903794918754,1,19,300,276,0.92,0.8837267595665261,0.9456531446048553,0.24,confirmation,transition,True,figure1bc|114514|calibration_confirmation|100|24,fc277dff8459c21f111739a748099ff9b6683d46e021f8c19d7ad67bec8416cc,85f8797d21143155d2b746123bf811b8cffc0ec985dcc6b80a50ab4edff948f7,ef3f0c89d96ab326ed5c33340210b37033e47b033e9f124811cce7c80ef83b87,False,ok,True
figure1bc-calibration-20260716T084150Z-99bbe7a-dc67639cf528,confirmation,calibration_confirmation,200,46,2,6,C0625-G0285,0.625,0.285,0.5174048690586085,0.6282793143881594,1,35,300,285,0.95,0.9191529665272558,0.9694683593706526,0.23,confirmation,transition,True,figure1bc|114514|calibration_confirmation|200|46,64c8940e2b730cdbaccf76091bd32b8b770b4525b95a0d9704c0005db2632e90,d08c2e1a281ffcdd2faeb5602ca16eb39068b3508f632b0c1dc4827f56aa75ce,ef3f0c89d96ab326ed5c33340210b37033e47b033e9f124811cce7c80ef83b87,False,ok,True
figure1bc-calibration-20260716T084150Z-99bbe7a-dc67639cf528,confirmation,calibration_confirmation,400,87,2,6,C0625-G0285,0.625,0.285,0.5174048690586085,0.7769741465914595,1,67,300,274,0.9133333333333333,0.8760440413057516,0.9401711024819569,0.2175,confirmation,transition,True,figure1bc|114514|calibration_confirmation|400|87,bc571aa7e7e87ca513798e602ab29931baae87462b3ceccb5c40f06001a575e0,2fffc53f355d109c6d6149fac5234a37a529d79ee18e54d7d02b6ddef0709081,ef3f0c89d96ab326ed5c33340210b37033e47b033e9f124811cce7c80ef83b87,False,ok,True
figure1bc-calibration-20260716T084150Z-99bbe7a-dc67639cf528,confirmation,calibration_confirmation,600,128,2,6,C0625-G0285,0.625,0.285,0.5174048690586085,0.883697189551323,1,98,300,263,0.8766666666666667,0.8346262759711767,0.9091826857063321,0.21333333333333335,confirmation,transition,True,figure1bc|114514|calibration_confirmation|600|128,1f30c56c8b5f58a7d6ca431dfbf9636bd56bcae52df4b042f4bf9007ee8cfebd,a517a23801f0c5c5ef44ec13cac8e2193c70daebf605b2015a4802a9c3cbc033,ef3f0c89d96ab326ed5c33340210b37033e47b033e9f124811cce7c80ef83b87,False,ok,False
figure1bc-calibration-20260716T084150Z-99bbe7a-dc67639cf528,confirmation,calibration_confirmation,800,168,2,6,C0625-G0285,0.625,0.285,0.5174048690586085,0.9675421888762888,1,128,300,256,0.8533333333333334,0.8088374877749912,0.8888948125596631,0.21,confirmation,transition,True,figure1bc|114514|calibration_confirmation|800|168,f7cc5b6ca498831eea30e7e7d41cd25ea8c20563422983b1c6b063014fbd2c12,324251cb12f6451bc2a91241fb3d59088e98504bdf6109a583074e2f33727f63,ef3f0c89d96ab326ed5c33340210b37033e47b033e9f124811cce7c80ef83b87,False,ok,False
figure1bc-calibration-20260716T084150Z-99bbe7a-dc67639cf528,confirmation,calibration_confirmation,1000,210,2,6,C0625-G0285,0.625,0.285,0.5174048690586085,1.042253227892229,1,160,300,272,0.9066666666666666,0.8684146029829267,0.934635780421109,0.21,confirmation,transition,True,figure1bc|114514|calibration_confirmation|1000|210,11ac44d826f0a91a3971e72d35b72391afa108a114021e4de1a143da00b06de0,79bc74be7fda98b35e4ad603591e81cff2af998ccfcc151f96e749005753a905,ef3f0c89d96ab326ed5c33340210b37033e47b033e9f124811cce7c80ef83b87,False,ok,True
figure1bc-calibration-20260716T084150Z-99bbe7a-dc67639cf528,confirmation,calibration_confirmation,1500,315,2,6,C0625-G0285,0.625,0.285,0.5174048690586085,1.193082114315418,1,240,300,293,0.9766666666666667,0.9526280277317246,0.9886523397008747,0.21,confirmation,transition,True,figure1bc|114514|calibration_confirmation|1500|315,7c35af97b8aa15f0b84f780a8610b556fc9ef452f7d7c4a0775f21b2be2ab435,0c677a5ec20af2dddd01b296a0ae8612aa546c7f349cae32938f6a63e05828d1,ef3f0c89d96ab326ed5c33340210b37033e47b033e9f124811cce7c80ef83b87,False,ok,True
figure1bc-calibration-20260716T084150Z-99bbe7a-dc67639cf528,confirmation,calibration_confirmation,2000,415,2,6,C0625-G0285,0.625,0.285,0.5174048690586085,1.307925025346387,1,316,300,287,0.9566666666666667,0.9272825343659885,0.9745035519155927,0.2075,confirmation,transition,True,figure1bc|114514|calibration_confirmation|2000|415,27d80dcccb263568dde5de15ae4bbeb6a39a33a94b6445cd7b2fdc43b3428c86,d7fd389565553ac47dee0d0fedde1d7d241638209c28f295ed079e9307fc589b,ef3f0c89d96ab326ed5c33340210b37033e47b033e9f124811cce7c80ef83b87,False,ok,True
figure1bc-calibration-20260716T084150Z-99bbe7a-dc67639cf528,confirmation,calibration_confirmation,2500,513,2,6,C0625-G0285,0.625,0.285,0.5174048690586085,1.403694523815473,1,390,300,271,0.9033333333333333,0.8646182980304887,0.9318497051817106,0.2052,confirmation,transition,True,figure1bc|114514|calibration_confirmation|2500|513,893cf0b15b3f3abb85b11bd16d7354bf7265fee7c9190b9e7edf87126a405a32,7cc8ee75ac4e20956c6371de984fed86ffa25bcc06824b8fab3c4a0de40bf639,ef3f0c89d96ab326ed5c33340210b37033e47b033e9f124811cce7c80ef83b87,False,ok,True
