d,cohort,attempts,successes,failed,symbols_mean,symbols_per_d_mean,symbols_per_d_ci_low,symbols_per_d_ci_high,bytes_mean,ratio_mean,ratio_sd,ratio_ci_low,ratio_ci_high,mean_count_bytes,count_bytes_mean,symbol_bits_mean,hash_bits_mean,metadata_bytes_mean,padding_bits_mean,ack_bytes_mean,alice_ingest_s,bob_ingest_s,alice_generate_s,bob_receive_s,wire_encode_s,wire_decode_s,total_s
100,evaluation_epoch0,100,100,0,145.1,1.4510000000000003,1.4332000000000003,1.4684999999999997,2046.67,5.457786666666666,0.3356194852473044,5.391678,5.524217333333333,1.946872846483828,282.47,4353.0,9286.4,22.0,290.2,1.0,0.5046305279333332,0.4588830231333338,14.039308853133326,14.049480358133348,6.224160001139604e-05,6.449473335594645e-05,29.052974527933337
300,evaluation_epoch1,100,100,0,419.85,1.3995000000000002,1.3878333333333333,1.4115008333333336,5841.16,5.192142222222222,0.21949132209241107,5.149696888888889,5.2346319999999995,1.8578215501560316,779.96,12595.5,26870.4,22.0,839.7,1.0,0.5031572240666653,0.4523225551999994,19.662180503933364,19.67599941326665,0.00015266206662598592,0.00016425866666385978,40.29538098286666
1000,evaluation_epoch1,100,100,0,1375.2,1.3751999999999998,1.3695300000000001,1.38113,18902.65,5.040706666666667,0.1081475012203335,5.020036933333333,5.062040066666667,1.7286835325088195,2377.25,41256.0,88012.8,22.0,2750.4,1.0,0.4986151327999996,0.45523517626666854,27.70089036453332,27.70982548533332,0.00043905046673632,0.0004760558666215312,56.36978866953333
3000,evaluation_epoch0,100,100,0,4093.5,1.3645000000000003,1.36084325,1.3681868333333331,55497.58,4.933118222222222,0.06790630568081184,4.919854933333334,4.9464652,1.5518928067674194,6352.58,122805.0,261984.0,22.0,8187.0,1.0,0.4993349106666673,0.46639911826666774,35.82832810893332,35.81840811153338,0.0012052204002685881,0.0012900465995993927,72.6265983808
10000,evaluation_epoch1,100,100,0,13560.74,1.3560740000000002,1.354179975,1.357934025,180417.96,4.8111456,0.03363745780599111,4.804507879999999,4.8177755,1.3027512992505421,17666.08,406822.2,867887.36,22.0,27121.48,1.0,0.4988538590666679,0.4773347069333342,46.192772369867285,46.22553277866617,0.0038952979999383073,0.004102671933016595,93.4390270548
30000,evaluation_epoch0,100,100,0,40653.78,1.3551259999999998,1.3539876583333332,1.3562870083333332,533378.36,4.741140977777778,0.020542922477830745,4.737161655555556,4.745150233333333,1.1194549690028628,45510.0,1219613.4,2601841.92,22.0,81307.56,1.0,0.5393755994666611,0.5068630200666673,62.402557178464825,62.59169354019938,0.012920454133283452,0.013310132734279518,126.18123566193333
100000,evaluation_epoch0,100,100,0,135406.88,1.3540688,1.353409595,1.3547169125000003,1765213.5,4.707236,0.011587776582393055,4.704988684666666,4.709525735333333,1.036195280025688,140307.94,4062206.4,8666040.32,22.0,270813.76,1.0,0.526642503333336,0.49680396646666647,73.00257827967118,73.39937007306722,0.03873740539949605,0.04035008300241385,147.78459838019998
300000,evaluation_epoch0,100,100,0,406078.17,1.3535939000000001,1.3532639333333334,1.353920446666667,5283930.32,4.6968269511111105,0.005838020198360763,4.695670562,4.697949678888889,1.0120447502730427,410969.28,12182345.1,25989002.88,22.0,812156.34,1.0,0.49526369920000146,0.4645465033333348,75.09737268159805,75.45959158859809,0.10461626813434925,0.10722084246575145,152.33844224993334
1000000,evaluation_epoch0,100,100,0,1353237.94,1.3532379399999999,1.3530471690000003,1.3534347930000001,17596997.51,4.692532669333334,0.0034332159557317644,4.6918755162000005,4.693212256866666,1.0036071218916198,1358119.23,40597138.2,86607228.16,22.0,2706475.88,1.0,0.5266748887333286,0.42989897360000134,86.69520711073497,87.56172908207644,0.34280766046748756,0.34892108166412605,177.60780486826667
