d,method,config_id,roles,main_curve,execution_implementation,execution_field,k,ell,M,a,z,runs,successes,valid_runs,status,update_ns_per_input_mean,update_ns_per_input_ci95_low,update_ns_per_input_ci95_high,receiver_s_mean,receiver_s_ci95_low,receiver_s_ci95_high,full_decode_s_mean,full_decode_s_ci95_low,full_decode_s_ci95_high,sender_s_mean,sender_s_ci95_low,sender_s_ci95_high,actual_payload_bits,communication_ratio
100,iblt,2a66c0dacabbf0597b79ba838013fb00b499a78568e8c0853ee64f806942031d,legacy-external_iblt,True,formal-v1-iblt-original,,4,1,144,0,0,15,15,15,complete,128.00281179,125.91177308333333,130.49622015666668,5.614873333336471e-05,5.319746666675822e-05,5.909999999997121e-05,0.00011138166666674703,0.00010747053333339806,0.00011528560000000354,5.429533333337252e-05,5.2437600000043715e-05,5.6323466666678244e-05,12528,4.176
100,xyz,793b1e52fdb7b31cb04bd7eed6c215805fdd9ba5d8acc737c0fd4e1f4cc81233,legacy-xyz,True,frozen-gf230-v15,GF(2^30),2,6,23,0.7243668166820519,1,15,15,15,complete,26.696347169999996,25.95920398333333,27.433490356666663,0.00010373933333331919,9.690646666663896e-05,0.00010927726666665194,0.0001086678000000211,0.00010135560000007853,0.00011470779999999496,4.1980666666644835e-06,3.6012000000103697e-06,4.7141999999518925e-06,4232,1.4106666666666667
300,iblt,99193c3b4f7502eeb8747c80321b7eaefe4b05cf40e67d7d57815d3938262c1a,legacy-external_iblt,True,formal-v1-iblt-original,,4,1,412,0,0,15,15,15,complete,126.76674119666669,124.89082262333332,130.18411114,0.00016592760000004128,0.0001560006666667076,0.00017711239999999387,0.00031871946666672807,0.0003053163333334533,0.00033264119999995383,0.0001516677333333346,0.00014810973333334587,0.0001556567333332796,35848,3.983111111111111
300,xyz,f40b1004a96609189560f1e8a900e518cd9fd610c9fc074c80256666f1f7789c,legacy-xyz,True,frozen-gf230-v15,GF(2^30),2,6,64,0.7243668166820519,2,15,15,15,complete,26.79141170666667,26.12425686333333,27.52451109333333,0.00023037179999998436,0.0002247756666666767,0.00023713233333326754,0.0002385851999999596,0.00023260233333333895,0.00024555639999991705,7.35799999998695e-06,6.9375999999750814e-06,7.8620666666455e-06,11776,1.3084444444444445
1000,iblt,fc4521899e7f3e428b3c62427aff06ff1591e4f52657961c64b51410bf33912f,legacy-external_iblt,True,formal-v1-iblt-original,,4,1,1336,0,0,15,15,15,complete,127.06090189666665,126.03335195,128.17271323666665,0.000589508999999951,0.0005746162666666165,0.0006044017333332854,0.0010659866666666554,0.001041155666666634,0.0010908176666666767,0.0004708473999999482,0.00045776186666663207,0.0004813971999999407,116232,3.8744
1000,xyz,d2d44b939f8ff2c9af8904356c95d8e839513e05653eac1ff0bb08e2268a1700,legacy-xyz,True,frozen-gf230-v15,GF(2^30),2,6,204,0.7243668166820519,2,15,15,15,complete,27.00171523333333,26.36921162333333,27.634218843333333,0.0007512547999999934,0.0007195795999999977,0.0007825237333333549,0.0007716610666666549,0.0007398401333333026,0.000803482000000007,1.9465133333336953e-05,1.884520000000241e-05,2.008820000002724e-05,37536,1.2512
3000,iblt,a9eb7dee4321905e929c31b8dde381f610c4e7a8acd1a08083142d3001c23885,legacy-external_iblt,True,formal-v1-iblt-original,,4,1,3960,0,0,15,15,15,complete,128.68742713333333,126.24473768666667,131.65349977666668,0.0018799372666666574,0.001809846400000007,0.0019447725333333094,0.0032128607333333113,0.0031318774000000716,0.003286425933333289,0.001319935999999977,0.0012858635999999518,0.0013506949999999719,344520,3.828
3000,xyz,96ee1798585b39dfbd1eaa54a4d75d62e9c36e0d978db123c3802d0bd80e97d6,legacy-xyz,True,frozen-gf230-v15,GF(2^30),2,6,594,0.7243668166820519,3,15,15,15,complete,28.178134336666666,27.555519309999994,28.593393083333332,0.0023978713333333195,0.0023013880000000006,0.002494354666666639,0.002456528866666637,0.002356727599999934,0.0025585431333332576,5.722619999999345e-05,5.288153333335247e-05,6.343579999992245e-05,109296,1.2144
10000,iblt,47e4bc1cf73b83d86012c98d5f86ba4c28fe1a36974ee3aaed0cd7909823214f,legacy-external_iblt,True,formal-v1-iblt-original,,4,1,13128,0,0,15,15,15,complete,128.04622767,126.76993569000001,129.32251964999998,0.006692981333333343,0.006609778200000023,0.006759592000000048,0.011076826466666686,0.010935095133333395,0.011224616866666804,0.004334952266666677,0.004265148133333311,0.004438672400000095,1142136,3.80712
10000,xyz,a35e0115ea8f96295c5e450360b960b96ab31feb0cbd6ee725ecc5736f41ba3b,parameter-k2-ell2,False,frozen-gf230-v15,GF(2^30),2,2,6000,0.817172580537089,5,15,15,15,complete,23.467058246666664,22.859703536666665,24.074412956666663,0.00426553459999998,0.004176305599999974,0.004369793599999989,0.00450585926666666,0.004410060333333302,0.004619853533333407,0.00022529533333336772,0.00021645733333336046,0.00023413333333337504,378000,1.26
10000,xyz,648f3db2de4ecb110f80e11180c266bcb583604d2d11b38e46b55465d31e148f,parameter-k2-ell3,False,frozen-gf230-v15,GF(2^30),2,3,3800,0.7829340825141562,5,15,15,15,complete,27.384865206666667,27.027389793333334,27.819950593333328,0.006055721133333369,0.005860967333333351,0.006395599666666725,0.0062700785333333455,0.006070547266666656,0.006612231733333414,0.0001994597999999718,0.00019297446666663258,0.00020631266666664886,353400,1.178
10000,xyz,39e2dd768cc249e92ebf1c2a288e0f449f1f77bb5a3d252a74c83a5acd723ce7,parameter-k2-ell4,False,frozen-gf230-v15,GF(2^30),2,4,2840,0.7585614898308848,5,15,15,15,complete,26.22180413,25.669574993333335,26.769791626666667,0.006762653866666643,0.006608009799999958,0.006926655666666623,0.006964991666666605,0.006807988066666641,0.007131981933333249,0.00018688193333330123,0.00018386253333327514,0.00018956306666663517,352160,1.1738666666666666
10000,xyz,69cff5116009bf9707f8169c70e7e0769ee71011290c31d6d145173bfbf15b40,legacy-xyz|parameter-k2-ell6,True,frozen-gf230-v15,GF(2^30),2,6,1900,0.7243668166820519,5,15,15,15,complete,28.55571137,28.26084390666666,28.83971840666667,0.008527580133333339,0.008260588533333366,0.00882332886666665,0.008727875533333347,0.008454306200000043,0.009031389533333333,0.0001850757333333064,0.00017815266666657928,0.00019205479999998923,349600,1.1653333333333333
10000,xyz,bf3d9d65394b4442b0fff9d85dc62e97409e9ab802a8651840de831ec0c0c7c7,parameter-k3-ell2,False,frozen-gf230-v15,GF(2^30),3,2,5860,0.6874743235128216,7,15,15,15,complete,48.512269716666665,46.78458961333333,49.74945988,0.006043596533333329,0.00589180073333336,0.006192112199999978,0.006290554600000009,0.006130625533333337,0.00644568720000002,0.00023201233333329795,0.0002247508666665935,0.00023777386666667217,369184,1.2306133333333333
10000,xyz,49173c44171ef2ca02bb0ea52972b4d71bb30b665a53658dc64a1b20a23debfd,parameter-k3-ell3,False,frozen-gf230-v15,GF(2^30),3,3,3940,0.6359529831190293,7,15,15,15,complete,50.00604012,49.461639136666655,50.550441103333334,0.0088084207333333,0.008494785733333333,0.009151065666666621,0.009037412799999908,0.008715836399999895,0.009392402133333248,0.00021382626666660202,0.0002041605333332234,0.00022775766666665773,366424,1.2214133333333332
10000,xyz,35316cf8f892915cae0421603d9e635ea968957fd4c4710b769855d64e151c1e,parameter-k3-ell4,False,frozen-gf230-v15,GF(2^30),3,4,2960,0.6012953590370393,7,15,15,15,complete,49.41742988,48.781068913333336,50.05379084666667,0.009939794066666622,0.009634020666666564,0.010288200266666672,0.010153140266666598,0.009831142133333162,0.010504436466666774,0.00019873193333334407,0.00019225640000001637,0.00020265766666668718,367040,1.2234666666666667
10000,xyz,97c256e638ba9f97174af474c3ae33836e39d8a5f09d2eacfdf53450fe25d095,parameter-k3-ell6,False,frozen-gf230-v15,GF(2^30),3,6,2020,0.5559069476467435,7,15,15,15,complete,53.62619176666666,53.16583667333333,54.08112616,0.011181363666666652,0.010939196266666685,0.011478561999999956,0.011390237800000013,0.01115917546666673,0.011688176199999994,0.00019428633333332297,0.00019219226666669086,0.00019638039999995507,371680,1.2389333333333334
30000,iblt,ed0a1a7426a0bcc5dc68244d1a2373215a4c5257314670e22574fe6426e4f1ad,legacy-external_iblt,True,formal-v1-iblt-original,,4,1,39152,0,0,15,15,15,complete,139.86068904666666,137.87323364666665,141.57199408,0.024343278666666572,0.02337335086666658,0.025754171066666543,0.03752692653333331,0.0362085740000001,0.03951089266666648,0.013035862200000043,0.012617951266666752,0.013622534599999892,3406224,3.7846933333333332
30000,xyz,2c33cd6c57416959d9ab646d789800fdb91618018f4ba3e6d9992c175d063008,legacy-xyz,True,frozen-gf230-v15,GF(2^30),2,6,5580,0.7243668166820519,7,15,15,15,complete,30.19788193,29.46025468,30.935509179999997,0.026206921266666627,0.025623924266666636,0.026788382266666633,0.026758581733333297,0.02616773266666666,0.02732486006666659,0.0005102255333333231,0.000498406666666688,0.0005232780666666474,1026720,1.1408
100000,iblt,8eb40b36caac557eb8f06dc0da0b46491667ad0adcffd9fb0af79fab54462a4e,legacy-external_iblt,True,formal-v1-iblt-original,,4,1,130500,0,0,15,15,15,complete,146.18169559666666,144.4560059066667,147.80500008999996,0.0895857007333333,0.08719956046666662,0.09189770439999995,0.1326124282666667,0.1296487253333334,0.13557613119999995,0.04238282666666666,0.04165570873333329,0.04327997033333327,11353504,3.7845013333333335
100000,xyz,0291140689609a044e60316e8a1285130e64b05731797b1569175f085c4c9e8d,parameter-k2-ell2,False,frozen-gf230-v15,GF(2^30),2,2,58200,0.817172580537089,11,15,15,15,complete,30.542499273333334,30.151351979999998,30.98084349,0.04418187553333331,0.04352276559999996,0.045083705199999935,0.04636373860000002,0.04566459500000002,0.047335656599999984,0.002025384733333372,0.0019581607333333767,0.0021211155333333695,3666600,1.2222
100000,xyz,5c3b50e5b55e98842e9fd2a6980595febc1d039199af7396e2cd34ad095aa15d,parameter-k2-ell3,False,frozen-gf230-v15,GF(2^30),2,3,36800,0.7829340825141562,11,15,15,15,complete,40.445785156666666,39.83566100666666,41.006574439999994,0.06828954146666666,0.0670842887333333,0.069700994,0.07037792733333334,0.0691435240666666,0.07187889840000004,0.0019424698666666925,0.0018648184666666772,0.0020323890000000532,3422400,1.1408
100000,xyz,e1964fefaa8a04de85e83b9af39f3dd0209aa65a104577b498e86e875943c71b,parameter-k2-ell4,False,frozen-gf230-v15,GF(2^30),2,4,27400,0.7585614898308848,11,15,15,15,complete,34.93198602,34.32650686666666,35.61035944333334,0.07241378260000002,0.07052899986666664,0.0753573379333334,0.07426026733333335,0.07230886719999989,0.07728553273333345,0.0017022742000000126,0.001631366199999995,0.0017980976666666908,3397600,1.1325333333333334
100000,xyz,2da579635a745863421ad836515debcc936a1a8f84090fc78733881b205508c5,legacy-xyz|parameter-k2-ell6,True,frozen-gf230-v15,GF(2^30),2,6,18000,0.7243668166820519,10,15,15,15,complete,35.875464236666666,35.22841417000001,36.25632302,0.09179214360000003,0.08982455493333337,0.09390388146666671,0.0935578901333334,0.09155702333333336,0.09583345666666669,0.0016268653333333233,0.0015891874666666232,0.0016789146666666827,3312000,1.104
100000,xyz,b29c0efccbff86185894ff50b3c2b39d29198615c0fbd47298532d0a857508ee,parameter-k3-ell2,False,frozen-gf230-v15,GF(2^30),3,2,56400,0.6874743235128216,16,15,15,15,complete,63.262746549999996,62.842109089999994,63.623971643333334,0.06024333966666667,0.05962451060000005,0.06104010653333332,0.062312125200000054,0.06164403240000005,0.06310114533333343,0.0019198847333333547,0.0018700212666666737,0.001961308933333342,3553200,1.1844
100000,xyz,186f35f78dfc209887e3ae01026da12f2d113aef172cc2956402325b8bc4a523,parameter-k3-ell3,False,frozen-gf230-v15,GF(2^30),3,3,37600,0.6359529831190293,15,15,15,15,complete,71.17962235666667,70.77553996333334,71.52992884,0.09311214766666664,0.09162621613333333,0.09463985286666667,0.0950788679333333,0.09359470733333324,0.09659914426666674,0.001817090666666621,0.0017980177999999147,0.0018359998000000062,3496800,1.1656
100000,xyz,e3f1a494e9b7c9849ab7358dba813e2cc83236259f830a59e0a062e7894d3dcb,parameter-k3-ell4,False,frozen-gf230-v15,GF(2^30),3,4,28200,0.6012953590370393,15,15,15,15,complete,69.42284765,67.95517031,70.89052498999999,0.10814140206666671,0.10510978020000009,0.11076543200000004,0.11007720073333335,0.10702171393333329,0.11274651713333336,0.001787298399999937,0.0017418899999998981,0.0018304905333333434,3496800,1.1656
100000,xyz,e1d8edc668bb2b059e802f90ba687321bd9037dffe52393adbb1e8ca5d0c0284,parameter-k3-ell6,False,frozen-gf230-v15,GF(2^30),3,6,18800,0.5559069476467435,14,15,15,15,complete,67.61971102,66.65205786333334,68.46239004,0.1312605557333334,0.12887146780000003,0.13391829273333336,0.13313552840000006,0.1306249841333334,0.13567833073333338,0.0017300354000000517,0.0016757518000000949,0.0017960644666666988,3459200,1.1530666666666667
300000,iblt,6a3c1a7fc131dc4ecbe9982f821ab2ef294cb57087b35902c5f715f9fe35638c,legacy-external_iblt,True,formal-v1-iblt-original,,4,1,389252,0,0,15,15,15,complete,193.75881053999998,184.24520572,208.98797328999999,0.4232299284000002,0.3985180042666667,0.4453795037333335,0.5483541794666669,0.5226699412000004,0.5718791302666669,0.12320095839999994,0.12156395873333334,0.12516649646666658,33864928,3.7627697777777778
300000,xyz,a0ec1cf2647d6f1e8f1fa6baafec4df1c8fdf83cc8de3913850ae9810a834d72,legacy-xyz,True,frozen-gf230-v15,GF(2^30),2,6,53400,0.7243668166820519,14,15,15,15,complete,43.672650266666665,42.713279359999994,44.70692428333333,0.28307992993333336,0.2803169215333333,0.28792475333333345,0.28849444920000006,0.2856356832666668,0.29345318613333343,0.004869192999999964,0.004751911266666623,0.004990067666666631,9825600,1.0917333333333332
1000000,iblt,eece01052cbc709ee4405d4956ea6719c4496f0dd7303039436253de450626b6,legacy-external_iblt,True,formal-v1-iblt-original,,4,1,1297500,0,0,15,15,15,complete,372.27226073,363.61218901666666,381.09790036333334,1.8486481112666666,1.7972415342000008,1.8910408756666666,2.2671177404,2.2172822448666674,2.315277273399999,0.411943282733333,0.4000209081333333,0.42699624613333287,112882504,3.7627501333333333
1000000,xyz,87481969e1d8335e412dcd549858eab8e4f351cfc5aaf2f57bf6bcddc5c68400,legacy-xyz,True,frozen-gf230-v15,GF(2^30),2,6,176000,0.7243668166820519,21,15,15,15,complete,52.50316413666667,50.91032812,54.35600388333334,0.9907254700666666,0.9807905803333332,0.9994075243999999,1.0086135806,0.9990266476,1.0169264710666668,0.016029946399999995,0.015677724466666643,0.01638216833333335,32384000,1.0794666666666666
