fingerprint_bits,trials,successes,success_rate,wilson95_low,wilson95_high,decoder_reported_successes,wrong_output,decode_failed,decode_budget_exceeded,process_failure,M,d,k
0,100,0,0.0,3.469446951953614e-18,0.03699349820698568,0,0,0,100,0,1297500,1000000,4
1,100,0,0.0,3.469446951953614e-18,0.03699349820698568,0,0,0,100,0,1297500,1000000,4
2,100,0,0.0,3.469446951953614e-18,0.03699349820698568,0,0,0,100,0,1297500,1000000,4
3,100,0,0.0,3.469446951953614e-18,0.03699349820698568,0,0,0,100,0,1297500,1000000,4
4,100,0,0.0,3.469446951953614e-18,0.03699349820698568,0,0,0,100,0,1297500,1000000,4
5,100,0,0.0,3.469446951953614e-18,0.03699349820698568,0,0,0,100,0,1297500,1000000,4
6,100,0,0.0,3.469446951953614e-18,0.03699349820698568,0,0,0,100,0,1297500,1000000,4
7,100,0,0.0,3.469446951953614e-18,0.03699349820698568,0,0,1,99,0,1297500,1000000,4
8,100,0,0.0,3.469446951953614e-18,0.03699349820698568,0,0,69,31,0,1297500,1000000,4
9,100,0,0.0,3.469446951953614e-18,0.03699349820698568,0,0,100,0,0,1297500,1000000,4
10,100,0,0.0,3.469446951953614e-18,0.03699349820698568,0,0,100,0,0,1297500,1000000,4
11,100,0,0.0,3.469446951953614e-18,0.03699349820698568,0,0,100,0,0,1297500,1000000,4
12,100,0,0.0,3.469446951953614e-18,0.03699349820698568,0,0,100,0,0,1297500,1000000,4
13,100,0,0.0,3.469446951953614e-18,0.03699349820698568,0,0,100,0,0,1297500,1000000,4
14,100,0,0.0,3.469446951953614e-18,0.03699349820698568,0,0,100,0,0,1297500,1000000,4
15,100,0,0.0,3.469446951953614e-18,0.03699349820698568,1,1,99,0,0,1297500,1000000,4
16,100,0,0.0,3.469446951953614e-18,0.03699349820698568,12,12,88,0,0,1297500,1000000,4
17,100,2,0.02,0.00550196755016235,0.07001179072854388,40,38,60,0,0,1297500,1000000,4
18,100,12,0.12,0.06999406437019488,0.19812099426711421,61,49,39,0,0,1297500,1000000,4
19,100,30,0.3,0.2189488529493276,0.3958485463334666,79,49,21,0,0,1297500,1000000,4
20,100,47,0.47,0.3751081795934127,0.5671114302990063,92,45,8,0,0,1297500,1000000,4
21,100,68,0.68,0.5833738138954762,0.7633085267500092,95,27,5,0,0,1297500,1000000,4
22,100,87,0.87,0.7901964855992357,0.9224283257275948,98,11,2,0,0,1297500,1000000,4
23,100,91,0.91,0.837737871472837,0.9519274599974348,98,7,2,0,0,1297500,1000000,4
24,100,94,0.94,0.8752318455410406,0.9722138760368118,98,4,2,0,0,1297500,1000000,4
28,100,100,1.0,0.9630065017930143,1,100,0,0,0,0,1297500,1000000,4
32,100,100,1.0,0.9630065017930143,1,100,0,0,0,0,1297500,1000000,4
