d,source,xyz_M,xyz_z,xyz_communication_ratio,xyz_update_ns_per_input_mean,xyz_update_ns_per_input_ci95_low,xyz_update_ns_per_input_ci95_high,xyz_receiver_s_mean,xyz_receiver_s_ci95_low,xyz_receiver_s_ci95_high,xyz_full_decode_s_mean,xyz_full_decode_s_ci95_low,xyz_full_decode_s_ci95_high,xyz_sender_s_mean,xyz_sender_s_ci95_low,xyz_sender_s_ci95_high,iblt_M,iblt_z,iblt_communication_ratio,iblt_update_ns_per_input_mean,iblt_update_ns_per_input_ci95_low,iblt_update_ns_per_input_ci95_high,iblt_receiver_s_mean,iblt_receiver_s_ci95_low,iblt_receiver_s_ci95_high,iblt_full_decode_s_mean,iblt_full_decode_s_ci95_low,iblt_full_decode_s_ci95_high,iblt_sender_s_mean,iblt_sender_s_ci95_low,iblt_sender_s_ci95_high,paired_update_ns_per_input_speedup,paired_update_ns_per_input_ci95_low,paired_update_ns_per_input_ci95_high,paired_receiver_s_speedup,paired_receiver_s_ci95_low,paired_receiver_s_ci95_high,paired_full_decode_s_speedup,paired_full_decode_s_ci95_low,paired_full_decode_s_ci95_high,paired_sender_s_speedup,paired_sender_s_ci95_low,paired_sender_s_ci95_high
100,previous 480-run final evaluation,23,1,1.4106666666666667,26.696347169999996,25.95920398333333,27.433490356666663,0.00010373933333331919,9.690646666663896e-05,0.00010927726666665194,0.0001086678000000211,0.00010135560000007853,0.00011470779999999496,4.1980666666644835e-06,3.6012000000103697e-06,4.7141999999518925e-06,144,0,4.176,128.00281179,125.91177308333333,130.49622015666668,5.614873333336471e-05,5.319746666675822e-05,5.909999999997121e-05,0.00011138166666674703,0.00010747053333339806,0.00011528560000000354,5.429533333337252e-05,5.2437600000043715e-05,5.6323466666678244e-05,4.794768773978302,4.677731135654243,4.896121285656388,0.5412482568492731,0.4915667936179086,0.5934246805547239,1.0249739726646294,0.9387236993366659,1.1211810525962405,12.933413793667107,11.18106995896937,15.605076085695643
300,previous 480-run final evaluation,64,2,1.3084444444444445,26.79141170666667,26.12425686333333,27.52451109333333,0.00023037179999998436,0.0002247756666666767,0.00023713233333326754,0.0002385851999999596,0.00023260233333333895,0.00024555639999991705,7.35799999998695e-06,6.9375999999750814e-06,7.8620666666455e-06,412,0,3.983111111111111,126.76674119666669,124.89082262333332,130.18411114,0.00016592760000004128,0.0001560006666667076,0.00017711239999999387,0.00031871946666672807,0.0003053163333334533,0.00033264119999995383,0.0001516677333333346,0.00014810973333334587,0.0001556567333332796,4.731618571824737,4.669571456691882,4.795231243142761,0.7202600318270402,0.6844696260591027,0.7760670794505817,1.3358727476255108,1.285554897999177,1.4014034066840086,20.61263024376238,19.6525118434773,21.681952676936437
1000,previous 480-run final evaluation,204,2,1.2512,27.00171523333333,26.36921162333333,27.634218843333333,0.0007512547999999934,0.0007195795999999977,0.0007825237333333549,0.0007716610666666549,0.0007398401333333026,0.000803482000000007,1.9465133333336953e-05,1.884520000000241e-05,2.008820000002724e-05,1336,0,3.8744,127.06090189666665,126.03335195,128.17271323666665,0.000589508999999951,0.0005746162666666165,0.0006044017333332854,0.0010659866666666554,0.001041155666666634,0.0010908176666666767,0.0004708473999999482,0.00045776186666663207,0.0004813971999999407,4.748229480708766,4.625764820422601,4.8399784266543335,0.7921489274512481,0.7396956143503277,0.8447685809381162,1.3996620088271436,1.3196977396898228,1.4762712713352844,24.722725109267213,23.772760493695067,25.66041061706259
3000,previous 480-run final evaluation,594,3,1.2144,28.178134336666666,27.555519309999994,28.593393083333332,0.0023978713333333195,0.0023013880000000006,0.002494354666666639,0.002456528866666637,0.002356727599999934,0.0025585431333332576,5.722619999999345e-05,5.288153333335247e-05,6.343579999992245e-05,3960,0,3.828,128.68742713333333,126.24473768666667,131.65349977666668,0.0018799372666666574,0.001809846400000007,0.0019447725333333094,0.0032128607333333113,0.0031318774000000716,0.003286425933333289,0.001319935999999977,0.0012858635999999518,0.0013506949999999719,4.566925034702507,4.458455822072418,4.677647499209082,0.7840025611604966,0.7394552585803605,0.8384689345386728,1.3078864152298653,1.2335316274145027,1.3813849622105892,23.065239348412582,21.025953798983824,24.863511269836298
10000,previous 480-run final evaluation,1900,5,1.1653333333333333,28.55571137,28.26084390666666,28.83971840666667,0.008527580133333339,0.008260588533333366,0.00882332886666665,0.008727875533333347,0.008454306200000043,0.009031389533333333,0.0001850757333333064,0.00017815266666657928,0.00019205479999998923,13128,0,3.80712,128.04622767,126.76993569000001,129.32251964999998,0.006692981333333343,0.006609778200000023,0.006759592000000048,0.011076826466666686,0.010935095133333395,0.011224616866666804,0.004334952266666677,0.004265148133333311,0.004438672400000095,4.483185096938774,4.41787249206886,4.57529245227853,0.7759846159315631,0.7483202126244847,0.8055912067093058,1.2503335004715068,1.2042390653579091,1.2996825037571889,22.940034652614298,21.87614709109969,24.09977203328851
30000,previous 480-run final evaluation,5580,7,1.1408,30.19788193,29.46025468,30.935509179999997,0.026206921266666627,0.025623924266666636,0.026788382266666633,0.026758581733333297,0.02616773266666666,0.02732486006666659,0.0005102255333333231,0.000498406666666688,0.0005232780666666474,39152,0,3.7846933333333332,139.86068904666666,137.87323364666665,141.57199408,0.024343278666666572,0.02337335086666658,0.025754171066666543,0.03752692653333331,0.0362085740000001,0.03951089266666648,0.013035862200000043,0.012617951266666752,0.013622534599999892,4.631473471247745,4.5110775330270565,4.76338117986167,0.9288873889062856,0.89289510223999,0.9693314829090625,1.4024258425694451,1.3561162877920896,1.456321205419377,25.549215686710642,24.811347362213716,26.132383120386585
100000,previous 480-run final evaluation,18000,10,1.104,35.875464236666666,35.22841417000001,36.25632302,0.09179214360000003,0.08982455493333337,0.09390388146666671,0.0935578901333334,0.09155702333333336,0.09583345666666669,0.0016268653333333233,0.0015891874666666232,0.0016789146666666827,130500,0,3.7845013333333335,146.18169559666666,144.4560059066667,147.80500008999996,0.0895857007333333,0.08719956046666662,0.09189770439999995,0.1326124282666667,0.1296487253333334,0.13557613119999995,0.04238282666666666,0.04165570873333329,0.04327997033333327,4.0919405277019445,3.987801735497263,4.221947659129684,0.9760956804015811,0.9365636985051262,1.0168692762304419,1.4225238028054483,1.368530115412361,1.4782022835660582,26.448197069109515,25.627334483433387,27.317235801481264
200000,new two-point supplement,36000,13,1.104,41.86855498666667,40.90050452333334,43.01311067333334,0.18999955660000004,0.18295331626666667,0.1986820306666667,0.1936014446,0.18646714599999997,0.20236538526666675,0.0033182247333333114,0.0032407813999999627,0.0034176885999999866,261000,0,3.7845,168.23900082333336,161.87964299,178.07960469,0.20871560346666662,0.20042667860000002,0.21874043259999998,0.2931627126666668,0.2829235920666669,0.3058140566000002,0.08315439340000007,0.08121851420000005,0.08609087280000005,4.018266235290667,3.883070949553375,4.153128627266467,1.0985057397058504,1.057077932489824,1.1510212984795511,1.5142589109929958,1.4564575516459803,1.5778431259335648,25.059904039853144,24.28283695300639,25.925645850504345
300000,previous 480-run final evaluation,53400,14,1.0917333333333332,43.672650266666665,42.713279359999994,44.70692428333333,0.28307992993333336,0.2803169215333333,0.28792475333333345,0.28849444920000006,0.2856356832666668,0.29345318613333343,0.004869192999999964,0.004751911266666623,0.004990067666666631,389252,0,3.7627697777777778,193.75881053999998,184.24520572,208.98797328999999,0.4232299284000002,0.3985180042666667,0.4453795037333335,0.5483541794666669,0.5226699412000004,0.5718791302666669,0.12320095839999994,0.12156395873333334,0.12516649646666658,4.436616723668067,4.1707263876285365,4.759649867700904,1.4950898444113392,1.4169256771096475,1.573245099383271,1.9007442985030119,1.8213551125627772,1.9801509947461462,25.30213084591242,24.72066005406573,25.80940170120376
500000,new two-point supplement,89000,17,1.0917333333333332,45.618608009999996,45.42222007,45.82364150666667,0.4825685830666666,0.4683259574666666,0.49625667233333337,0.4917995609333333,0.4773726906666666,0.5055946585333333,0.008294092466666658,0.008035600199999996,0.00855258473333332,648752,0,3.7627616,268.0332873033334,257.36396766666667,282.9463397433334,0.7996417152666668,0.7795550098666667,0.8248241175333335,1.0082726044,0.9863428216000001,1.0349211582666673,0.20534718166666668,0.20252786680000007,0.20913491619999997,5.875525339233897,5.628743141870459,6.190525843307617,1.6570529937631615,1.6036141831598183,1.7127765239975898,2.050169793739767,1.9888173709592492,2.114127446712294,24.75824600363955,24.139024611156902,25.264761651338933
1000000,previous 480-run final evaluation,176000,21,1.0794666666666666,52.50316413666667,50.91032812,54.35600388333334,0.9907254700666666,0.9807905803333332,0.9994075243999999,1.0086135806,0.9990266476,1.0169264710666668,0.016029946399999995,0.015677724466666643,0.01638216833333335,1297500,0,3.7627501333333333,372.27226073,363.61218901666666,381.09790036333334,1.8486481112666666,1.7972415342000008,1.8910408756666666,2.2671177404,2.2172822448666674,2.315277273399999,0.411943282733333,0.4000209081333333,0.42699624613333287,7.090472866758444,6.925110438144736,7.263767767831439,1.8659539570959751,1.8254931307474536,1.9063679690039659,2.247756508544477,2.20140950058991,2.2940445524159254,25.698356841251396,24.86065889343043,26.611560168706873
